{"cameraMode":{"drawMode":0,"name":"Shaded","section":"Shading Mode"},"sceneLighting":true,"audioPlay":false,"sceneViewState":{"m_AlwaysRefresh":false,"showFog":true,"showSkybox":true,"showFlares":true,"showImageEffects":true,"showParticleSystems":true,"showVisualEffectGraphs":true,"m_FxEnabled":true},"in2DMode":false,"pivot":{"x":-0.728564977645874,"y":2.6225552558898927,"z":-1.7209281921386719},"rotation":{"x":-0.6119223833084106,"y":-0.0068925851956009869,"z":0.005318389739841223,"w":-0.7908963561058044},"size":6.743048667907715,"orthographic":true}